species,Colour,length_nm,width_nm,aspect_ratio
Melanosuchus niger,Black,308.6,208.7,1.4786775275515096
Amphisbaena fuliginosa,Black,564.1,378.4,1.4907505285412264
Aspidoscelis costata,Black,548.8,335.4,1.6362552176505665
Xantusia henshawi,Black,572.7,294.3,1.9459734964322122
Sauromalus ater,Black,662.1,295.4,2.2413676371022344
Megapodus reinwardt,Black,899.8101,358.04,2.513155234052061
Tinamus osgoodi,Black,896.9957,353.2636,2.539168201875314
Priotelius temnurus,Black,900.0312,337.4849,2.6668784292275003
Pterocles bicinctus,Black,709.4693,262.5825,2.7018910247255628
Phalacrorax auritus,Black,954.0,342.3571,2.7865640876149493
Columba livia,Black,668.8333,238.6667,2.8023737706181886
Ciconia ciconia,Black,1097.69177,387.782462,2.8306895684209668
Larus delawarensis,Black,1104.88635,382.987781,2.8849127956904717
Rhea americana,Black,779.3575,265.1202,2.9396383225420015
Anas americana,Black,696.4415,233.3355,2.9847215704425603
Probosciger aterrimus,Black,949.9117,317.4715,2.9921164576977777
Turmix tanki,Black,836.5462,278.3352,3.005535052699048
Alectoris chukar,Black,1046.2727,346.7273,3.0175665429286935
Casuarius bennetti,Black,899.8961,285.532468,3.151641935165146
Struthio camelus,Black,929.527,289.3764,3.21217279639943
Coracina novaehollandiae,Black,1174.1277,361.5106,3.2478375461189795
Synthliboramphus antiquus,Black,992.7826,303.7391,3.2685373730283653
Diomedea exulens,Black,1289.15875,393.894875,3.2728497673395727
Rhea Americana,Black,872.08,260.2,3.351575710991545
Rhea Americana,Black,1129.8824,316.7647,3.566945432998058
Scolopax minor,Black,915.0667,254.8,3.5913135792778648
Chlidonias niger,Black,1031.75,283.375,3.6409351565946184
Pica hudsonia,Black,934.1,254.3,3.673220605583956
Megaceryle alcyon,Black,1233.7391,334.1304,3.692388061666942
Chordeiles minor,Black,1049.95605,262.872,3.994172258741897
Taeniopygia guttata,Black,1136.3,283.99,4.00119722525441
 Icterus galbula,Black,956.0,236.3,4.045704612780364
Carduelis tristis,Black,1003.1,244.2,4.107698607698608
Ardea cinereus,Black,1260.74567,304.572667,4.1393920288979835
Turdus merula,Black,1002.30038,238.658069,4.199733887899679
Sula leucogaster,Black,1136.4275,267.479167,4.248657989876273
Ramphastos ambiguus,Black,969.7,220.3,4.401724920562869
Francolinus francolinus,Black,970.356268,218.004749,4.451078577191913
Scolopax minor,Black,1008.24122,226.000185,4.461240684382626
Strix nebulosa,Black,1008.0436,219.7669,4.586876367642261
 Gavia imer,Black,893.058857,186.932,4.777453068495496
Cephus grylle,Black,1041.95488,216.66725,4.80900957574345
Fregata magificens,Black,1146.6775,232.0205,4.942138733430882
Porzana Carolina,Black,948.3731,191.597,4.949832721806708
Puffinus greseos,Black,1267.85875,245.101875,5.172782745950026
Caprimulgus vociferus,Black,1043.5518,201.5286,5.1781821537985175
Agelaius phoeniceus,Black,1095.2,209.57,5.225938827122203
 Cacicus cela,Black,1323.5,221.4,5.977868112014454
Callipepla californica,Brown,234.6667,223.1667,1.0515309855816302
Megapodus reinwardt,Brown,379.3986,354.1307,1.0713519048193223
Tinamus osgoodi,Brown,434.8451,381.0715,1.1411115761740251
Taeniopygia guttata,Brown,487.1,421.2,1.1564577397910731
Tinamus major,Brown,412.5349,348.5527,1.1835653546795075
Harpactes fasciatus,Brown,462.0787,373.0409,1.2386810668749726
Cocius striatus,Brown,349.6853,275.7364,1.2681869350582657
Caprimulgus vociferus,Brown,302.89995,231.455326,1.3086756534606594
Pterocles bicinctus,Brown,603.252,448.3813,1.3453995516762183
Hylocichla mustelina,Brown,310.382629,224.210578,1.3843353501367808
Alectoris chukar,Brown,318.323156,227.274221,1.4006126810132151
Uroplatus fimbriatus1,Brown,514.1,365.8,1.4054127938764351
Spizella arborea,Brown,322.733576,226.071756,1.4275714123262706
Buteo jamiaciensis,Brown,530.843,368.8578,1.4391535166126348
Sialia sialis,Brown,322.3,223.2,1.4439964157706096
Turmix tanki,Brown,557.5295,365.5015,1.5253822487732607
Opsithocomus hoatzin,Brown,435.4271,277.0188,1.5718323088541284
Strix nebulosa,Brown,352.319687,221.477304,1.5907710660953323
Agkistrodon contortrix,Brown,706.9,443.6,1.593552750225428
Uroplatus fimbriatus2,Brown,602.6,376.4,1.6009564293304996
Falco sparverius,Brown,491.8333,304.0,1.617872697368421
Coturnix japonica,Brown,411.2,244.2,1.6838656838656838
Leiocephalus carinatus,Brown,603.4,355.4,1.697805289814294
Columba livia,Brown,662.9744,381.3839,1.7383387185458012
Elgaria multicarinata,Brown,478.6,274.8,1.7416302765647744
Megaceryle alcyon,Brown,526.6,301.2,1.7483399734395753
Taeniopygia guttata,Brown,376.2,210.0,1.7914285714285714
Dendrocygna bicolor,Brown,455.2,233.1,1.9528099528099527
Sitta carolinensis,Brown,296.238041,151.529756,1.954982630606229
Baeolophus bicolor,Brown,570.1,291.2,1.9577609890109893
Alectura lathami,Brown,715.4675,362.5336,1.9735205233390782
Chroicocephalus philadelphia,Brown,924.258806,414.083889,2.232056910574466
 Clangula hyemalis,Brown,358.92475,158.774969,2.2605877504532845
Coccyzus americanus,Brown,501.3,210.2,2.384871550903901
Turdus merula,Brown,433.6655,181.696563,2.3867567599503796
Anas platyrhynchos,Brown,585.745303,233.668864,2.506732360371299
Phalacrorax auritus,Brown,888.0833,340.5833,2.607536247373256
Selasphorus rufus,Brown,808.226,228.6933,3.5341044097050505
Hirundo rustica rustica,Brown,650.3,175.9,3.696986924388857
Pelecanus occidentalis,Brown,938.4444,243.3333,3.8566213502221025
Lanius ludovicanius,Grey,407.2,274.5,1.483424408014572
Baeolophus bicolor,Grey,456.1,283.0,1.611660777385159
Microlophus albemarlensis,Grey,631.5,385.1,1.6398338094001557
Dumetella carolinensis,Grey,663.1,378.1,1.7537688442211055
Chroicocephalus philadelphia,Grey,1104.8333,612.6667,1.8033186722895174
Varanus salvator,Grey,577.9,318.8,1.8127352572145545
Grus candensis,Grey,514.5,275.5,1.867513611615245
Psittacus erithacus,Grey,1596.7968,795.0981,2.0083016171212082
Passer domesticus,Grey,300.756714,141.976306,2.1183584956774406
Ctenosaura pectinata,Grey,670.4,311.8,2.1500962155227707
Xantusia vigilis,Grey,627.6,287.3,2.184476157326836
Diomedea exulans,Grey,1688.71267,676.35143,2.4967976633094424
 Mimus polyglottus,Grey,1691.822,675.242,2.50550469313224
Podilymbus podiceps,Grey,1705.19188,677.579285,2.5165938772759264
Synthliboramphus antiquus,Grey,1008.22,375.78,2.68300601415722
Clangula hyemalis,Grey,562.280353,207.487765,2.7099446225178627
Callipepla californica,Grey,1656.8445,574.725877,2.8828430497135944
Junco hyemalis,Grey,1686.94474,580.346711,2.9067878011976878
 Coccyzus americanus,Grey,1669.6,572.7,2.9153134276235373
Falco sparverius,Grey,1681.05952,574.653296,2.9253456505015856
Egretta tricolor,Grey,1672.8562,571.760372,2.9257994816052064
Alectoris chukar,Grey,1676.24065,572.84718,2.926156763135327
Podiceps auritus,Grey,963.2857,327.7429,2.939150474350474
Alca torda,Grey,1710.55519,523.362712,3.2683933164883174
Melanotrochillus fuscus,Grey,1707.3773,516.1598,3.3078463297606673
Megaceryle alcyon,Grey,966.0,280.125,3.4484605087014724
Chlidonias niger,Grey,1214.0,343.3333,3.5359226733905507
Coracina novaehollandiae,Grey,1332.5357,360.25,3.6989193615544758
Colaptes auratus,Grey,1185.6,313.9,3.7769990442816184
Fulica americana,Grey,1202.24,293.0,4.10320819112628
Opsithocomus hoatzin,Grey,951.363252,218.052525,4.363000391763406
Ardea herodias,Grey,989.0,217.2,4.55340699815838
Ardea cinereus,Grey,1021.6226,222.34,4.594866420796977
Pinicolor enucleator,Grey,1213.3,252.2,4.81086439333862
Psittacus erithacus,Grey,1667.57592,326.390205,5.109148174345489
Sitta carolinensis,Grey,1663.30575,319.587,5.204547587980738
Porzana Carolina,Grey,1494.3448,284.1034,5.259862430368662
Anas platyrhynchos,Grey,952.950895,168.275895,5.663026751395379
Porphyrio martinica,Grey,1728.35959,299.576533,5.7693423870420455
Caloenus nicobarica,Iridescent,751.542941,216.491647,3.471463917497011
Pica pica,Iridescent,1242.625,317.833333,3.909674886113975
Phalacrocorax auritus,Iridescent,1127.02264,268.641682,4.1952634885602
Ducula concinna,Iridescent,842.763563,200.596313,4.201291391631909
Lyrurus tetrix,Iridescent,940.837625,215.52975,4.365233221863803
Rollulus roulroul,Iridescent,1062.99706,234.046353,4.541822790120553
Tauraco corythais,Iridescent,1239.51354,270.232772,4.5868364922075395
Corvus corax,Iridescent,1222.3,266.3,4.589936162223056
Quiscalus quiscula,Iridescent,1222.3,265.3,4.607237090086694
Quiscalus quiscula,Iridescent,628.421053,134.105263,4.686028265721383
Dives warszewiczi,Iridescent,1233.13333,263.133333,4.68634405204756
Grallina cyanoleuca,Iridescent,998.2,209.32,4.768775081215364
Corvus ossifragus,Iridescent,1102.2,220.2,5.005449591280654
Melanerpes formicivorous,Iridescent,1253.2,248.9,5.034953796705504
Priotelius temnurus,Iridescent,1072.74625,202.798375,5.28971817451693
Anas crecca,Iridescent,1174.21886,215.255542,5.4549994350435815
Tachycineta bicolor,Iridescent,936.8,171.1,5.475160724722384
Sturnus vulgaris,Iridescent,1098.23633,199.034032,5.517831895200716
Aix sponsa,Iridescent,1177.34543,210.133714,5.602839294983384
Progne subis,Iridescent,952.803977,169.306423,5.627689488189117
Quiscalus mexicanus,Iridescent,1101.36842,192.578947,5.7190489259451605
Anas platyrhynchos,Iridescent,951.730555,162.197019,5.867743814699825
Pavo cristatus,Iridescent,1739.8182,296.1364,5.8750568994557915
Anas platyrhynchos,Iridescent,1011.57143,169.0,5.985629763313609
Rollulus roulroul,Iridescent,1324.62151,218.882387,6.051750111807762
Plegadis falcinellus,Iridescent,1313.47434,211.746368,6.2030548736495925
Fulica americana,Iridescent,1688.4,262.8,6.424657534246576
Chrysococcyx caprius intermedius,Iridescent,662.14415,100.8943,6.562750819421909
Phasianus versicolor,Iridescent,1440.91817,209.906917,6.864557826839027
Astrapia rotschildi,Iridescent,902.3081,126.51525,7.132010567895965
Cathartes aura,Iridescent,1326.75,184.25,7.200814111261873
Lophorina minor,Iridescent,1094.59945,149.663182,7.313752356274237
Ptiloris intercedens,Iridescent,1088.08151,146.557262,7.42427563910139
Amazonetta braziliensis,Iridescent,1079.83321,140.75125,7.671926252875196
Porphyrio martinica,Iridescent,1986.8,231.6,8.578583765112263
Eudyptes chrysolophus,Penguin,758.31579,529.894737,1.4310687331850214
 Eudyptes chrysocome,Penguin,800.6875,543.625,1.472867325822028
Eudyptula minor,Penguin,806.895834,517.965278,1.5578183872008502
 Eudyptes chrysolophus,Penguin,870.2,534.233333,1.628876272308527
 Pygoscelis antarcticus,Penguin,832.416667,507.833333,1.6391532672393523
Eudyptula minor,Penguin,840.588235,507.411765,1.6566195208343268
 Spheniscus demersus,Penguin,761.375,458.125,1.66193724420191
Eudyptula minor variabilis,Penguin,841.904762,468.714286,1.7962003445314232
Pygoscelis adeliae,Penguin,914.5,411.285714,2.2235151109576345
Spheniscus mendiculus,Penguin,892.888889,351.777778,2.53821857104345
Spheniscus magellanicus,Penguin,1028.55556,399.0,2.577833483709273
Aptenodytes forsteri,Penguin,1035.71429,371.0,2.7916827223719674
Pygoscelis antarcticus,Penguin,1036.83333,354.916667,2.9213430261363293
 Aptenodytes forsteri,Penguin,956.263158,326.631579,2.9276506605015067
Pygoscelis antarcticus,Penguin,931.0,314.833333,2.9571201725326843
 Spheniscus magellanicus,Penguin,1206.85714,378.214286,3.190934834227811
Spheniscus humboldti,Penguin,1047.07143,319.0,3.282355579937304
Aptenodytes patagonicus,Penguin,1005.9,285.4,3.5245269796776455
