length_nm,width_nm,aspect_ratio,colour
1.081,0.205,5.273170731707317,Grey
1.157,0.338,3.423076923076923,Grey
1.217,0.219,5.557077625570777,Grey
0.661,0.292,2.2636986301369864,Grey
1.131,0.258,4.383720930232558,Grey
1.536,0.223,6.887892376681615,Grey
1.288,0.267,4.823970037453184,Grey
1.25,0.253,4.940711462450593,Grey
0.933,0.154,6.058441558441559,Grey
1.204,0.216,5.5740740740740735,Grey
0.818,0.239,3.422594142259414,Grey
1.638,0.249,6.578313253012047,Grey
1.029,0.241,4.269709543568465,Grey
0.991,0.252,3.9325396825396823,Grey
1.216,0.209,5.818181818181818,Grey
1.411,0.199,7.090452261306533,Grey
1.748,0.17,10.28235294117647,Grey
1.482,0.176,8.420454545454545,Grey
1.377,0.165,8.345454545454546,Grey
1.56,0.159,9.81132075471698,Grey
1.901,0.221,8.60180995475113,Grey
2.154,0.225,9.573333333333332,Grey
1.049,0.194,5.40721649484536,Grey
2.494,0.205,12.165853658536587,Grey
0.547,0.31,1.7645161290322582,Grey
1.62,0.224,7.232142857142858,Grey
1.466,0.221,6.633484162895927,Grey
0.805,0.338,2.3816568047337277,Grey
0.652,0.27,2.4148148148148145,Grey
1.515,0.191,7.931937172774869,Grey
1.747,0.178,9.814606741573035,Grey
1.357,0.191,7.104712041884817,Grey
1.963,0.172,11.41279069767442,Grey
0.987,0.292,3.38013698630137,Grey
1.549,0.242,6.400826446280992,Grey
1.794,0.209,8.583732057416269,Grey
1.648,0.223,7.390134529147981,Grey
1.56,0.24,6.500000000000001,Grey
1.144,0.311,3.678456591639871,Grey
1.247,0.276,4.518115942028985,Grey
0.625,0.307,2.035830618892508,Grey
1.01,0.256,3.9453125,Grey
1.159,0.212,5.466981132075472,Grey
1.411,0.226,6.243362831858407,Grey
1.801,0.136,13.242647058823527,Grey
1.57,0.176,8.920454545454547,Grey
1.226,0.225,5.448888888888889,Grey
1.274,0.184,6.923913043478261,Grey
1.487,0.225,6.608888888888889,Grey
0.963,0.24,4.0125,Grey
0.896,0.219,4.091324200913242,Grey
0.956,0.243,3.934156378600823,Grey
1.266,0.252,5.023809523809524,Grey
1.4,0.169,8.284023668639053,Grey
1.187,0.307,3.866449511400652,Grey
1.206,0.153,7.88235294117647,Grey
1.332,0.162,8.222222222222223,Grey
1.471,0.142,10.359154929577466,Grey
1.328,0.181,7.337016574585636,Grey
1.481,0.191,7.753926701570681,Grey
1.752,0.211,8.303317535545023,Grey
1.323,0.199,6.64824120603015,Grey
1.111,0.187,5.9411764705882355,Grey
1.615,0.146,11.061643835616438,Grey
1.52,0.185,8.216216216216216,Grey
1.562,0.174,8.977011494252874,Grey
1.223,0.224,5.459821428571429,Grey
1.772,0.162,10.938271604938272,Grey
1.552,0.212,7.320754716981132,Grey
0.828,0.25,3.312,Grey
1.769,0.211,8.383886255924171,Grey
1.353,0.225,6.013333333333333,Grey
1.268,0.189,6.708994708994709,Grey
1.403,0.252,5.567460317460317,Grey
0.878,0.231,3.8008658008658007,Grey
1.154,0.2,5.77,Grey
1.336,0.218,6.128440366972478,Grey
1.153,0.179,6.441340782122905,Grey
0.984,0.204,4.8235294117647065,Grey
1.269,0.199,6.376884422110552,Grey
1.58,0.189,8.35978835978836,Grey
0.761,0.212,3.5896226415094343,Grey
0.946,0.24,3.9416666666666664,Grey
1.494,0.184,8.119565217391305,Grey
0.981,0.203,4.832512315270936,Grey
0.895,0.244,3.668032786885246,Grey
0.92,0.193,4.766839378238342,Grey
1.074,0.173,6.208092485549134,Grey
1.088,0.23,4.730434782608696,Grey
1.191,0.203,5.8669950738916254,Grey
1.427,0.246,5.800813008130081,Grey
1.325,0.186,7.123655913978494,Grey
1.4,0.209,6.698564593301435,Grey
0.829,0.216,3.837962962962963,Grey
1.567,0.185,8.47027027027027,Grey
1.636,0.193,8.476683937823834,Grey
1.781,0.158,11.272151898734176,Grey
1.049,0.24,4.370833333333334,Grey
1.323,0.185,7.151351351351352,Grey
1.089,0.242,4.5,Grey
1.376,0.214,6.429906542056075,Grey
1.668,0.249,6.698795180722891,Grey
1.208,0.257,4.700389105058366,Grey
1.049,0.239,4.389121338912134,Grey
1.307,0.221,5.914027149321266,Grey
1.336,0.201,6.646766169154229,Grey
1.624,0.199,8.160804020100503,Grey
1.714,0.199,8.613065326633166,Grey
1.574,0.178,8.842696629213483,Grey
2.068,0.185,11.17837837837838,Grey
1.96,0.173,11.329479768786127,Grey
1.367,0.193,7.0829015544041445,Grey
1.466,0.162,9.049382716049383,Grey
1.682,0.189,8.899470899470899,Grey
1.484,0.233,6.369098712446352,Grey
2.069,0.266,7.778195488721804,Grey
1.587,0.221,7.1809954751131215,Grey
1.243,0.257,4.836575875486382,Grey
1.135,0.268,4.235074626865671,Grey
1.417,0.234,6.055555555555555,Grey
1.506,0.203,7.418719211822659,Grey
2.159,0.221,9.769230769230768,Grey
1.169,0.235,4.974468085106383,Grey
1.674,0.293,5.713310580204778,Grey
0.953,0.294,3.241496598639456,Grey
1.446,0.283,5.109540636042403,Grey
1.753,0.283,6.194346289752651,Grey
1.251,0.244,5.127049180327869,Grey
1.316,0.214,6.149532710280374,Grey
1.41,0.271,5.2029520295202945,Grey
0.433,0.198,2.186868686868687,Grey
0.361,0.315,1.146031746031746,Brown
0.426,0.278,1.5323741007194243,Brown
0.289,0.247,1.1700404858299593,Brown
0.319,0.297,1.0740740740740742,Brown
0.528,0.265,1.9924528301886792,Brown
0.525,0.24,2.1875,Brown
0.488,0.26,1.876923076923077,Brown
0.287,0.285,1.0070175438596491,Brown
0.409,0.249,1.642570281124498,Brown
0.38,0.263,1.4448669201520912,Brown
0.459,0.252,1.8214285714285714,Brown
0.375,0.316,1.1867088607594936,Brown
0.406,0.337,1.2047477744807122,Brown
0.39,0.322,1.2111801242236024,Brown
0.507,0.35,1.4485714285714286,Brown
0.509,0.296,1.7195945945945947,Brown
0.418,0.242,1.7272727272727273,Brown
0.437,0.302,1.4470198675496688,Brown
0.397,0.35,1.1342857142857143,Brown
0.327,0.336,0.9732142857142857,Brown
0.528,0.271,1.948339483394834,Brown
0.527,0.43,1.2255813953488373,Brown
0.539,0.401,1.344139650872818,Brown
0.374,0.254,1.4724409448818898,Brown
0.477,0.322,1.481366459627329,Brown
0.486,0.372,1.3064516129032258,Brown
0.43,0.295,1.457627118644068,Brown
0.609,0.249,2.4457831325301203,Brown
0.442,0.306,1.4444444444444444,Brown
0.533,0.316,1.6867088607594938,Brown
0.499,0.327,1.5259938837920488,Brown
0.662,0.394,1.6802030456852792,Brown
0.392,0.313,1.2523961661341854,Brown
0.529,0.221,2.3936651583710407,Brown
0.694,0.35,1.9828571428571429,Brown
0.694,0.337,2.059347181008902,Brown
0.422,0.202,2.0891089108910887,Brown
0.45,0.273,1.6483516483516483,Brown
0.513,0.279,1.8387096774193548,Brown
0.29,0.365,0.7945205479452054,Brown
0.33,0.316,1.0443037974683544,Brown
0.557,0.318,1.7515723270440253,Brown
0.67,0.331,2.02416918429003,Brown
0.472,0.249,1.8955823293172689,Brown
0.473,0.278,1.7014388489208632,Brown
0.434,0.278,1.5611510791366905,Brown
0.407,0.277,1.4693140794223825,Brown
0.455,0.248,1.8346774193548387,Brown
0.452,0.344,1.3139534883720931,Brown
0.647,0.272,2.378676470588235,Brown
0.415,0.315,1.3174603174603174,Brown
0.39,0.316,1.2341772151898736,Brown
0.35,0.281,1.2455516014234873,Brown
0.351,0.296,1.1858108108108107,Brown
0.747,0.244,3.0614754098360657,Brown
0.427,0.334,1.278443113772455,Brown
0.472,0.319,1.4796238244514106,Brown
0.453,0.301,1.5049833887043191,Brown
0.35,0.276,1.2681159420289854,Brown
0.469,0.305,1.5377049180327869,Brown
0.424,0.3,1.4133333333333333,Brown
0.372,0.357,1.0420168067226891,Brown
0.34,0.299,1.1371237458193981,Brown
0.427,0.296,1.4425675675675675,Brown
0.315,0.36,0.875,Brown
0.365,0.239,1.5271966527196652,Brown
0.547,0.354,1.5451977401129946,Brown
0.749,0.279,2.6845878136200714,Brown
0.504,0.245,2.0571428571428574,Brown
0.433,0.255,1.6980392156862745,Brown
0.328,0.299,1.096989966555184,Brown
0.371,0.234,1.5854700854700854,Brown
0.442,0.337,1.311572700296736,Brown
0.616,0.265,2.3245283018867924,Brown
0.482,0.243,1.9835390946502058,Brown
0.742,0.359,2.066852367688022,Brown
0.334,0.319,1.0470219435736678,Brown
0.78,0.277,2.815884476534296,Brown
0.466,0.264,1.7651515151515151,Brown
0.474,0.271,1.7490774907749076,Brown
0.366,0.33,1.109090909090909,Brown
0.469,0.258,1.817829457364341,Brown
0.519,0.357,1.4537815126050422,Brown
0.481,0.434,1.108294930875576,Brown
0.52,0.429,1.2121212121212122,Brown
0.511,0.352,1.4517045454545456,Brown
0.457,0.291,1.5704467353951892,Brown
0.447,0.286,1.5629370629370631,Brown
0.514,0.291,1.766323024054983,Brown
0.463,0.372,1.2446236559139785,Brown
0.525,0.282,1.8617021276595747,Brown
0.474,0.293,1.6177474402730376,Brown
0.41,0.414,0.9903381642512077,Brown
0.593,0.399,1.4862155388471177,Brown
0.327,0.256,1.27734375,Brown
0.498,0.316,1.5759493670886076,Brown
0.372,0.319,1.1661442006269591,Brown
0.415,0.359,1.1559888579387188,Brown
0.346,0.293,1.180887372013652,Brown
0.386,0.375,1.0293333333333334,Brown
1.344,0.124,10.838709677419356,Iridescent
1.511,0.138,10.949275362318838,Iridescent
1.324,0.203,6.522167487684729,Iridescent
1.064,0.159,6.6918238993710695,Iridescent
1.582,0.116,13.637931034482758,Iridescent
1.177,0.164,7.176829268292683,Iridescent
1.821,0.164,11.103658536585366,Iridescent
1.362,0.288,4.729166666666667,Iridescent
1.361,0.199,6.839195979899497,Iridescent
2.049,0.312,6.5673076923076925,Iridescent
1.588,0.24,6.616666666666667,Iridescent
1.571,0.281,5.590747330960854,Iridescent
1.368,0.216,6.333333333333334,Iridescent
1.368,0.129,10.604651162790699,Iridescent
1.186,0.211,5.62085308056872,Iridescent
1.245,0.178,6.994382022471911,Iridescent
1.283,0.146,8.787671232876713,Iridescent
0.948,0.173,5.479768786127168,Iridescent
2.098,0.356,5.893258426966292,Iridescent
1.279,0.173,7.393063583815029,Iridescent
1.508,0.171,8.818713450292398,Iridescent
1.613,0.142,11.359154929577466,Iridescent
0.3,0.239,1.2552301255230125,Iridescent
0.152,0.176,0.8636363636363636,Iridescent
0.648,0.511,1.2681017612524461,Iridescent
0.5,0.149,3.3557046979865772,Iridescent
1.172,0.175,6.6971428571428575,Iridescent
1.12,0.191,5.863874345549739,Iridescent
1.634,0.239,6.836820083682008,Iridescent
1.775,0.145,12.241379310344827,Iridescent
1.754,0.166,10.566265060240964,Iridescent
1.47,0.283,5.194346289752651,Iridescent
1.636,0.201,8.139303482587064,Iridescent
1.224,0.182,6.725274725274725,Iridescent
0.658,0.16,4.1125,Iridescent
1.379,0.158,8.727848101265822,Iridescent
1.451,0.167,8.688622754491018,Iridescent
1.377,0.189,7.285714285714286,Iridescent
1.465,0.176,8.323863636363637,Iridescent
1.338,0.163,8.208588957055214,Iridescent
0.911,0.209,4.358851674641149,Iridescent
1.421,0.212,6.702830188679246,Iridescent
1.155,0.209,5.526315789473685,Iridescent
1.064,0.17,6.258823529411765,Iridescent
1.414,0.178,7.943820224719101,Iridescent
1.396,0.185,7.545945945945945,Iridescent
1.861,0.122,15.254098360655737,Iridescent
1.177,0.212,5.55188679245283,Iridescent
1.042,0.168,6.2023809523809526,Iridescent
1.527,0.206,7.412621359223301,Iridescent
1.47,0.172,8.546511627906977,Iridescent
1.388,0.229,6.061135371179039,Iridescent
2.076,0.181,11.46961325966851,Iridescent
1.87,0.206,9.077669902912623,Iridescent
1.393,0.172,8.098837209302326,Iridescent
1.598,0.168,9.511904761904761,Iridescent
1.607,0.179,8.977653631284916,Iridescent
1.632,0.176,9.272727272727273,Iridescent
1.387,0.152,9.125,Iridescent
1.243,0.152,8.17763157894737,Iridescent
1.393,0.224,6.21875,Iridescent
1.418,0.155,9.148387096774194,Iridescent
2.084,0.164,12.707317073170731,Iridescent
2.004,0.233,8.600858369098711,Iridescent
1.464,0.23,6.3652173913043475,Iridescent
1.33,0.128,10.390625,Iridescent
1.31,0.199,6.582914572864322,Iridescent
2.248,0.227,9.90308370044053,Iridescent
1.611,0.187,8.614973262032086,Iridescent
1.391,0.228,6.100877192982456,Iridescent
1.408,0.29,4.855172413793103,Iridescent
1.095,0.189,5.7936507936507935,Iridescent
1.254,0.185,6.778378378378378,Iridescent
0.96,0.288,3.3333333333333335,Iridescent
1.2,0.161,7.453416149068323,Iridescent
0.968,0.186,5.204301075268817,Iridescent
1.409,0.165,8.539393939393939,Iridescent
1.257,0.18,6.983333333333333,Iridescent
1.283,0.174,7.373563218390805,Iridescent
1.236,0.137,9.021897810218977,Iridescent
1.186,0.183,6.48087431693989,Iridescent
1.069,0.175,6.1085714285714285,Iridescent
1.391,0.248,5.608870967741936,Iridescent
1.742,0.222,7.846846846846847,Iridescent
1.886,0.235,8.025531914893618,Iridescent
1.497,0.214,6.995327102803739,Iridescent
2.075,0.331,6.268882175226587,Iridescent
1.737,0.314,5.531847133757962,Iridescent
1.796,0.352,5.1022727272727275,Iridescent
1.706,0.223,7.650224215246636,Iridescent
1.269,0.238,5.331932773109243,Iridescent
1.919,0.278,6.902877697841726,Iridescent
1.619,0.26,6.226923076923077,Iridescent
1.7,0.248,6.854838709677419,Iridescent
1.821,0.33,5.518181818181818,Iridescent
2.141,0.333,6.429429429429429,Iridescent
1.471,0.243,6.053497942386832,Iridescent
2.061,0.282,7.308510638297872,Iridescent
1.522,0.309,4.925566343042071,Iridescent
1.37,0.214,6.4018691588785055,Iridescent
1.416,0.274,5.167883211678832,Iridescent
1.334,0.262,5.091603053435114,Iridescent
0.897,0.282,3.1808510638297878,Iridescent
1.061,0.191,5.554973821989528,Iridescent
1.476,0.23,6.4173913043478255,Iridescent
1.978,0.265,7.464150943396226,Iridescent
1.394,0.294,4.741496598639456,Iridescent
1.478,0.27,5.474074074074074,Iridescent
1.356,0.192,7.0625,Iridescent
1.33,0.25,5.32,Iridescent
2.096,0.3,6.986666666666667,Iridescent
1.138,0.269,4.230483271375464,Iridescent
1.84,0.27,6.814814814814815,Iridescent
1.488,0.183,8.131147540983607,Iridescent
1.553,0.214,7.257009345794392,Iridescent
1.466,0.221,6.633484162895927,Iridescent
1.175,0.152,7.730263157894737,Iridescent
2.359,0.262,9.00381679389313,Iridescent
2.0,0.41,4.878048780487805,Iridescent
2.153,0.264,8.15530303030303,Iridescent
1.53,0.325,4.707692307692308,Iridescent
1.592,0.275,5.789090909090909,Iridescent
1.517,0.148,10.25,Iridescent
1.2,0.234,5.128205128205128,Iridescent
1.319,0.159,8.29559748427673,Iridescent
1.274,0.167,7.628742514970059,Iridescent
1.397,0.133,10.503759398496241,Iridescent
1.75,0.141,12.411347517730498,Iridescent
1.285,0.157,8.184713375796179,Iridescent
1.417,0.256,5.53515625,Iridescent
1.443,0.142,10.161971830985916,Iridescent
1.526,0.14,10.899999999999999,Iridescent
2.139,0.317,6.74763406940063,Iridescent
2.545,0.318,8.00314465408805,Iridescent
1.345,0.207,6.497584541062802,Iridescent
1.454,0.199,7.306532663316582,Iridescent
1.407,0.199,7.0703517587939695,Iridescent
2.224,0.268,8.298507462686567,Iridescent
1.249,0.155,8.058064516129033,Iridescent
1.466,0.189,7.756613756613756,Iridescent
0.905,0.152,5.953947368421053,Iridescent
1.724,0.173,9.965317919075146,Iridescent
1.263,0.133,9.496240601503757,Iridescent
1.46,0.198,7.373737373737373,Iridescent
