species,colour,length_nm,width_nm,aspect_ratio,source
Megapodius reinwardt,Black,899.8101,358.04,2.513155,Li et al. (2012)
Tinamus osgoodi,Black,896.9957,353.2636,2.539168,Li et al. (2012)
Priotelus temnurus,Black,900.0312,337.4849,2.666878,Li et al. (2012)
Pterocles bicinctus,Black,709.4693,262.5825,2.701891,Li et al. (2012)
Phalacrocorax auritus,Black,954.0,342.3571,2.786564,Li et al. (2012)
Columba livia,Black,668.8333,238.6667,2.802374,Li et al. (2012)
Ciconia ciconia,Black,1097.6918,387.7825,2.83069,Li et al. (2012)
Larus delawarensis,Black,1104.8864,382.9878,2.884913,Li et al. (2012)
Rhea americana,Black,779.3575,265.1202,2.939638,Li et al. (2012)
Anas americana,Black,696.4415,233.3355,2.984722,Li et al. (2012)
Probosciger aterrimus,Black,949.9117,317.4715,2.992116,Li et al. (2012)
Turnix tanki,Black,836.5462,278.3352,3.005535,Li et al. (2012)
Alectoris chukar,Black,1046.2727,346.7273,3.017567,Li et al. (2012)
Casuarius bennetti,Black,899.8961,285.5325,3.151642,Li et al. (2012)
Struthio camelus,Black,929.527,289.3764,3.212173,Li et al. (2012)
Coracina novaehollandiae,Black,1174.1277,361.5106,3.247838,Li et al. (2012)
Synthliboramphus antiquus,Black,992.7826,303.7391,3.268537,Li et al. (2012)
Diomedea exulans,Black,1289.1588,393.8949,3.27285,Li et al. (2012)
Rhea americana,Black,872.08,260.2,3.351576,Li et al. (2012)
Rhea americana,Black,1129.8824,316.7647,3.566945,Li et al. (2012)
Scolopax minor,Black,915.0667,254.8,3.591314,Li et al. (2012)
Chlidonias niger,Black,1031.75,283.375,3.640935,Li et al. (2012)
Pica hudsonia,Black,934.1,254.3,3.673221,Li et al. (2012)
Megaceryle alcyon,Black,1233.7391,334.1304,3.692388,Li et al. (2012)
Chordeiles minor,Black,1049.956,262.872,3.994172,Li et al. (2012)
Taeniopygia guttata,Black,1136.3,283.99,4.001197,Li et al. (2012)
Icterus galbula,Black,956.0,236.3,4.045705,Li et al. (2012)
Carduelis tristis,Black,1003.1,244.2,4.107699,Li et al. (2012)
Ardea cinerea,Black,1260.7457,304.5727,4.139392,Li et al. (2012)
Turdus merula,Black,1002.3004,238.6581,4.199734,Li et al. (2012)
Sula leucogaster,Black,1136.4275,267.4792,4.248658,Li et al. (2012)
Ramphastos ambiguus,Black,969.7,220.3,4.401725,Li et al. (2012)
Francolinus francolinus,Black,970.3563,218.0047,4.451079,Li et al. (2012)
Scolopax minor,Black,1008.2412,226.0002,4.461241,Li et al. (2012)
Strix nebulosa,Black,1008.0436,219.7669,4.586876,Li et al. (2012)
Gavia immer,Black,893.0589,186.932,4.777453,Li et al. (2012)
Cepphus grylle,Black,1041.9549,216.6672,4.80901,Li et al. (2012)
Fregata magnificens,Black,1146.6775,232.0205,4.942139,Li et al. (2012)
Porzana carolina,Black,948.3731,191.597,4.949833,Li et al. (2012)
Puffinus griseus,Black,1267.8588,245.1019,5.172783,Li et al. (2012)
Caprimulgus vociferus,Black,1043.5518,201.5286,5.178182,Li et al. (2012)
Agelaius phoeniceus,Black,1095.2,209.57,5.225939,Li et al. (2012)
Cacicus cela,Black,1323.5,221.4,5.977868,Li et al. (2012)
Callipepla californica,Brown,234.6667,223.1667,1.051531,Li et al. (2012)
Megapodius reinwardt,Brown,379.3986,354.1307,1.071352,Li et al. (2012)
Tinamus osgoodi,Brown,434.8451,381.0715,1.141112,Li et al. (2012)
Taeniopygia guttata,Brown,487.1,421.2,1.156458,Li et al. (2012)
Tinamus major,Brown,412.5349,348.5527,1.183565,Li et al. (2012)
Harpactes fasciatus,Brown,462.0787,373.0409,1.238681,Li et al. (2012)
Colius striatus,Brown,349.6853,275.7364,1.268187,Li et al. (2012)
Caprimulgus vociferus,Brown,302.9,231.4553,1.308676,Li et al. (2012)
Pterocles bicinctus,Brown,603.252,448.3813,1.3454,Li et al. (2012)
Hylocichla mustelina,Brown,310.3826,224.2106,1.384335,Li et al. (2012)
Alectoris chukar,Brown,318.3232,227.2742,1.400613,Li et al. (2012)
Spizella arborea,Brown,322.7336,226.0718,1.427571,Li et al. (2012)
Buteo jamaicensis,Brown,530.843,368.8578,1.439154,Li et al. (2012)
Sialia sialis,Brown,322.3,223.2,1.443996,Li et al. (2012)
Turnix tanki,Brown,557.5295,365.5015,1.525382,Li et al. (2012)
Opisthocomus hoazin,Brown,435.4271,277.0188,1.571832,Li et al. (2012)
Strix nebulosa,Brown,352.3197,221.4773,1.590771,Li et al. (2012)
Falco sparverius,Brown,491.8333,304.0,1.617873,Li et al. (2012)
Coturnix japonica,Brown,411.2,244.2,1.683866,Li et al. (2012)
Columba livia,Brown,662.9744,381.3839,1.738339,Li et al. (2012)
Megaceryle alcyon,Brown,526.6,301.2,1.74834,Li et al. (2012)
Taeniopygia guttata,Brown,376.2,210.0,1.791429,Li et al. (2012)
Dendrocygna bicolor,Brown,455.2,233.1,1.95281,Li et al. (2012)
Sitta carolinensis,Brown,296.238,151.5298,1.954983,Li et al. (2012)
Baeolophus bicolor,Brown,570.1,291.2,1.957761,Li et al. (2012)
Alectura lathami,Brown,715.4675,362.5336,1.973521,Li et al. (2012)
Chroicocephalus philadelphia,Brown,924.2588,414.0839,2.232057,Li et al. (2012)
Clangula hyemalis,Brown,358.9248,158.775,2.260588,Li et al. (2012)
Coccyzus americanus,Brown,501.3,210.2,2.384872,Li et al. (2012)
Turdus merula,Brown,433.6655,181.6966,2.386757,Li et al. (2012)
Anas platyrhynchos,Brown,585.7453,233.6689,2.506732,Li et al. (2012)
Phalacrocorax auritus,Brown,888.0833,340.5833,2.607536,Li et al. (2012)
Selasphorus rufus,Brown,808.226,228.6933,3.534104,Li et al. (2012)
Hirundo rustica rustica,Brown,650.3,175.9,3.696987,Li et al. (2012)
Pelecanus occidentalis,Brown,938.4444,243.3333,3.856621,Li et al. (2012)
Lanius ludovicianus,Grey,407.2,274.5,1.483424,Li et al. (2012)
Baeolophus bicolor,Grey,456.1,283.0,1.611661,Li et al. (2012)
Dumetella carolinensis,Grey,663.1,378.1,1.753769,Li et al. (2012)
Chroicocephalus philadelphia,Grey,1104.8333,612.6667,1.803319,Li et al. (2012)
Grus canadensis,Grey,514.5,275.5,1.867514,Li et al. (2012)
Psittacus erithacus,Grey,1596.7968,795.0981,2.008302,Li et al. (2012)
Passer domesticus,Grey,300.7567,141.9763,2.118358,Li et al. (2012)
Diomedea exulans,Grey,1688.7127,676.3514,2.496798,Li et al. (2012)
Mimus polyglottos,Grey,1691.822,675.242,2.505505,Li et al. (2012)
Podilymbus podiceps,Grey,1705.1919,677.5793,2.516594,Li et al. (2012)
Synthliboramphus antiquus,Grey,1008.22,375.78,2.683006,Li et al. (2012)
Clangula hyemalis,Grey,562.2804,207.4878,2.709945,Li et al. (2012)
Callipepla californica,Grey,1656.8445,574.7259,2.882843,Li et al. (2012)
Junco hyemalis,Grey,1686.9447,580.3467,2.906788,Li et al. (2012)
Coccyzus americanus,Grey,1669.6,572.7,2.915313,Li et al. (2012)
Falco sparverius,Grey,1681.0595,574.6533,2.925346,Li et al. (2012)
Egretta tricolor,Grey,1672.8562,571.7604,2.925799,Li et al. (2012)
Alectoris chukar,Grey,1676.2406,572.8472,2.926157,Li et al. (2012)
Podiceps auritus,Grey,963.2857,327.7429,2.93915,Li et al. (2012)
Alca torda,Grey,1710.5552,523.3627,3.268393,Li et al. (2012)
Melanitta fusca,Grey,1707.3773,516.1598,3.307846,Li et al. (2012)
Megaceryle alcyon,Grey,966.0,280.125,3.448461,Li et al. (2012)
Chlidonias niger,Grey,1214.0,343.3333,3.535923,Li et al. (2012)
Coracina novaehollandiae,Grey,1332.5357,360.25,3.698919,Li et al. (2012)
Colaptes auratus,Grey,1185.6,313.9,3.776999,Li et al. (2012)
Fulica americana,Grey,1202.24,293.0,4.103208,Li et al. (2012)
Opisthocomus hoazin,Grey,951.3633,218.0525,4.363,Li et al. (2012)
Ardea herodias,Grey,989.0,217.2,4.553407,Li et al. (2012)
Ardea cinerea,Grey,1021.6226,222.34,4.594866,Li et al. (2012)
Pinicola enucleator,Grey,1213.3,252.2,4.810864,Li et al. (2012)
Psittacus erithacus,Grey,1667.5759,326.3902,5.109148,Li et al. (2012)
Sitta carolinensis,Grey,1663.3058,319.587,5.204548,Li et al. (2012)
Porzana carolina,Grey,1494.3448,284.1034,5.259862,Li et al. (2012)
Anas platyrhynchos,Grey,952.9509,168.2759,5.663027,Li et al. (2012)
Porphyrio martinica,Grey,1728.3596,299.5765,5.769342,Li et al. (2012)
Caloenas nicobarica,Iridescent,751.5429,216.4916,3.471464,Li et al. (2012)
Pica pica,Iridescent,1242.625,317.8333,3.909675,Li et al. (2012)
Phalacrocorax auritus,Iridescent,1127.0226,268.6417,4.195263,Li et al. (2012)
Ducula concinna,Iridescent,842.7636,200.5963,4.201291,Li et al. (2012)
Lyrurus tetrix,Iridescent,940.8376,215.5298,4.365233,Li et al. (2012)
Rollulus rouloul,Iridescent,1062.9971,234.0464,4.541823,Li et al. (2012)
Tauraco corythaix,Iridescent,1239.5135,270.2328,4.586836,Li et al. (2012)
Corvus corax,Iridescent,1222.3,266.3,4.589936,Li et al. (2012)
Quiscalus quiscula,Iridescent,1222.3,265.3,4.607237,Li et al. (2012)
Quiscalus quiscula,Iridescent,628.4211,134.1053,4.686028,Li et al. (2012)
Dives warszewiczi,Iridescent,1233.1333,263.1333,4.686344,Li et al. (2012)
Grallina cyanoleuca,Iridescent,998.2,209.32,4.768775,Li et al. (2012)
Corvus ossifragus,Iridescent,1102.2,220.2,5.00545,Li et al. (2012)
Melanerpes formicivorus,Iridescent,1253.2,248.9,5.034954,Li et al. (2012)
Priotelus temnurus,Iridescent,1072.7462,202.7984,5.289718,Li et al. (2012)
Anas crecca,Iridescent,1174.2189,215.2555,5.454999,Li et al. (2012)
Tachycineta bicolor,Iridescent,936.8,171.1,5.475161,Li et al. (2012)
Sturnus vulgaris,Iridescent,1098.2363,199.034,5.517832,Li et al. (2012)
Aix sponsa,Iridescent,1177.3454,210.1337,5.602839,Li et al. (2012)
Progne subis,Iridescent,952.804,169.3064,5.627689,Li et al. (2012)
Quiscalus mexicanus,Iridescent,1101.3684,192.5789,5.719049,Li et al. (2012)
Anas platyrhynchos,Iridescent,951.7306,162.197,5.867744,Li et al. (2012)
Pavo cristatus,Iridescent,1739.8182,296.1364,5.875057,Li et al. (2012)
Anas platyrhynchos,Iridescent,1011.5714,169.0,5.98563,Li et al. (2012)
Rollulus rouloul,Iridescent,1324.6215,218.8824,6.05175,Li et al. (2012)
Plegadis falcinellus,Iridescent,1313.4743,211.7464,6.203055,Li et al. (2012)
Fulica americana,Iridescent,1688.4,262.8,6.424658,Li et al. (2012)
Chrysococcyx caprius intermedius,Iridescent,662.1442,100.8943,6.562751,Li et al. (2012)
Phasianus versicolor,Iridescent,1440.9182,209.9069,6.864558,Li et al. (2012)
Astrapia rothschildi,Iridescent,902.3081,126.5152,7.132011,Li et al. (2012)
Cathartes aura,Iridescent,1326.75,184.25,7.200814,Li et al. (2012)
Lophorina minor,Iridescent,1094.5994,149.6632,7.313752,Li et al. (2012)
Ptiloris intercedens,Iridescent,1088.0815,146.5573,7.424276,Li et al. (2012)
Amazonetta brasiliensis,Iridescent,1079.8332,140.7512,7.671926,Li et al. (2012)
Porphyrio martinica,Iridescent,1986.8,231.6,8.578584,Li et al. (2012)
Eudyptes chrysolophus,Penguin,758.3158,529.8947,1.431069,Li et al. (2012)
Eudyptes chrysocome,Penguin,800.6875,543.625,1.472867,Li et al. (2012)
Eudyptula minor,Penguin,806.8958,517.9653,1.557818,Li et al. (2012)
Eudyptes chrysolophus,Penguin,870.2,534.2333,1.628876,Li et al. (2012)
Pygoscelis antarcticus,Penguin,832.4167,507.8333,1.639153,Li et al. (2012)
Eudyptula minor,Penguin,840.5882,507.4118,1.65662,Li et al. (2012)
Spheniscus demersus,Penguin,761.375,458.125,1.661937,Li et al. (2012)
Eudyptula minor variabilis,Penguin,841.9048,468.7143,1.7962,Li et al. (2012)
Pygoscelis adeliae,Penguin,914.5,411.2857,2.223515,Li et al. (2012)
Spheniscus mendiculus,Penguin,892.8889,351.7778,2.538219,Li et al. (2012)
Spheniscus magellanicus,Penguin,1028.5556,399.0,2.577833,Li et al. (2012)
Aptenodytes forsteri,Penguin,1035.7143,371.0,2.791683,Li et al. (2012)
Pygoscelis antarcticus,Penguin,1036.8333,354.9167,2.921343,Li et al. (2012)
Aptenodytes forsteri,Penguin,956.2632,326.6316,2.927651,Li et al. (2012)
Pygoscelis antarcticus,Penguin,931.0,314.8333,2.95712,Li et al. (2012)
Spheniscus magellanicus,Penguin,1206.8571,378.2143,3.190935,Li et al. (2012)
Spheniscus humboldti,Penguin,1047.0714,319.0,3.282356,Li et al. (2012)
Aptenodytes patagonicus,Penguin,1005.9,285.4,3.524527,Li et al. (2012)
Scolopax minor,Brown,1008.24,226.0,4.6,Li et al. (2012)
Priotelus temnurus,Black,900.03,337.48,2.73,Li et al. (2012)
Phalacrocorax auritus,Black,954.0,342.36,2.93,Li et al. (2012)
Fregata magnificens,Black,1146.68,232.02,5.04,Li et al. (2012)
Megapodius reinwardt,Black,899.81,358.04,2.64,Li et al. (2012)
Turnix tanki,Black,836.55,278.34,3.09,Li et al. (2012)
Turdus migratorius,Brown,433.67,181.7,2.39,Li et al. (2012)
Spizelloides arborea,Brown,322.73,226.07,1.2,Li et al. (2012)
Phalacrocorax auritus,Brown,888.08,340.58,2.62,Li et al. (2012)
Opisthocomus hoazin,Brown,435.43,277.02,1.59,Li et al. (2012)
Anas platyrhynchos,Brown,951.73,162.2,5.67,Li et al. (2012)
Megapodius reinwardt,Brown,379.4,354.13,1.07,Li et al. (2012)
Buteo jamaicensis,Brown,530.84,368.86,1.44,Li et al. (2012)
Colius striatus,Brown,349.69,275.74,1.28,Li et al. (2012)
Antrostomus vociferus,Brown,302.9,231.46,1.5,Li et al. (2012)
Turnix tanki,Brown,557.53,365.5,1.57,Li et al. (2012)
Falco sparverius,Grey,491.83,304.0,1.65,Li et al. (2012)
Junco hyemalis,Grey,1686.94,580.35,2.8,Li et al. (2012)
Ardea cinerea,Grey,1021.62,222.34,4.61,Li et al. (2012)
Lanius ludovicianus,Grey,407.2,274.5,2.71,Li et al. (2012)
Anas platyrhynchos,Grey,1011.57,169.0,5.99,Li et al. (2012)
Pinicola enucleator,Grey,1213.3,252.2,4.8,Li et al. (2012)
Antigone canadensis,Grey,514.5,275.5,1.9,Li et al. (2012)
Melanerpes formicivorus,Iridescent,1253.2,248.9,5.1,Li et al. (2012)
Tetrao tetrix,Iridescent,940.84,215.53,4.82,Li et al. (2012)
Rollulus rouloul,Iridescent,1063.0,234.05,4.73,Li et al. (2012)
Rollulus rouloul,Iridescent,1324.62,218.88,6.01,Li et al. (2012)
Priotelus temnurus,Iridescent,1072.75,202.8,5.06,Li et al. (2012)
Chrysococcyx caprius,Iridescent,662.14,100.89,6.79,Li et al. (2012)
Lophorina intercedens,Iridescent,1088.08,146.56,7.73,Li et al. (2012)
Plegadis falcinellus,Iridescent,1313.47,211.75,6.0,Li et al. (2012)
Astrapia rothschildi,Iridescent,902.31,126.52,7.24,Li et al. (2012)
Tauraco corythaix,Iridescent,1239.51,270.23,4.61,Li et al. (2012)
Anas platyrhynchos,Iridescent,585.75,233.67,2.51,Li et al. (2012)
Caloenas nicobarica,Iridescent,751.54,216.49,3.8,Li et al. (2012)
Dives warszewiczi,Iridescent,1233.13,263.13,4.69,Li et al. (2012)
Lophorina superba,Iridescent,1094.6,149.66,7.73,Li et al. (2012)
Afropavo congensis,Iridescent,922.01,180.5,5.27,Nordén et al. (2018)
Amazilia lactea,Iridescent,1651.9,558.85,2.99,Nordén et al. (2018)
Anthreptes collaris ugandae,Iridescent,1506.55,347.68,4.43,Nordén et al. (2018)
Anthreptes collaris ugandae,Iridescent,1602.26,342.03,4.76,Nordén et al. (2018)
Apaloderma narina narina,Iridescent,971.54,379.54,2.58,Nordén et al. (2018)
Apaloderma vittatum,Iridescent,1035.03,354.19,2.95,Nordén et al. (2018)
Apaloderma vittatum,Iridescent,1060.44,342.56,3.12,Nordén et al. (2018)
Apus affinis galilejensis,Iridescent,1203.89,174.0,7.02,Nordén et al. (2018)
Apus apus apus,Iridescent,1241.11,211.74,5.93,Nordén et al. (2018)
Astrapia rothschildi,Iridescent,939.93,131.48,7.31,Nordén et al. (2018)
Boissonneaua matthewsii,Iridescent,2062.04,766.46,2.71,Nordén et al. (2018)
Caloenas nicobarica,Iridescent,668.17,150.54,4.5,Nordén et al. (2018)
Caloenas nicobarica,Iridescent,786.19,150.87,5.32,Nordén et al. (2018)
Cassidix oryzivora,Iridescent,1681.92,239.82,7.16,Nordén et al. (2018)
Centropus ateralbus,Iridescent,985.83,297.24,3.36,Nordén et al. (2018)
Centropus sinensis,Iridescent,1075.99,294.76,3.76,Nordén et al. (2018)
Centropus violaceus,Iridescent,977.96,284.73,3.46,Nordén et al. (2018)
Chaetura caudacuta,Iridescent,1256.27,195.5,6.55,Nordén et al. (2018)
Chaetura pelagica,Iridescent,1110.62,221.29,5.1,Nordén et al. (2018)
Chaetura picina,Iridescent,1217.75,212.01,5.9,Nordén et al. (2018)
Chalcomitra senegalensis,Iridescent,1525.56,323.02,4.81,Nordén et al. (2018)
Chalcomitra senegalensis,Iridescent,1341.29,331.45,4.08,Nordén et al. (2018)
Chlorostilbon gibsoni melanorhynchus,Iridescent,1929.77,835.77,2.4,Nordén et al. (2018)
Chrysolampis mosquitus,Iridescent,2026.79,760.97,2.81,Nordén et al. (2018)
Cinnyris afer afer,Iridescent,1461.67,324.92,4.6,Nordén et al. (2018)
Cinnyris osea decorsei,Iridescent,1501.56,374.27,4.05,Nordén et al. (2018)
Cinnyris osea decorsei,Iridescent,1783.86,360.01,4.23,Nordén et al. (2018)
Cinnyris shelleyi hofmanni,Iridescent,1565.54,406.38,3.91,Nordén et al. (2018)
Cinnyris shelleyi hofmanni,Iridescent,1745.48,457.82,3.89,Nordén et al. (2018)
Colibri coruscans coruscans,Iridescent,2541.97,1095.73,2.35,Nordén et al. (2018)
Collocalia esculenta,Iridescent,1163.26,216.19,5.53,Nordén et al. (2018)
Collocalia innominata,Iridescent,1108.36,225.94,4.98,Nordén et al. (2018)
Corvus corax,Iridescent,1267.28,286.49,4.52,Nordén et al. (2018)
Corvus frugilegus,Iridescent,1215.8,281.85,4.36,Nordén et al. (2018)
Corvus monedula soemmerringii,Iridescent,1351.25,303.1,4.5,Nordén et al. (2018)
Crotophaga major,Iridescent,1313.23,347.82,3.83,Nordén et al. (2018)
Crotophaga major,Iridescent,1281.44,310.74,4.19,Nordén et al. (2018)
Cypsiurus parvus pallidior,Iridescent,1211.23,187.06,6.59,Nordén et al. (2018)
Delichon urbicum urbicum,Iridescent,1220.91,217.63,5.71,Nordén et al. (2018)
Ducula aenea palawanensis,Iridescent,807.25,167.65,4.89,Nordén et al. (2018)
Ducula pistrinaria pistrinaria,Iridescent,936.24,190.89,4.97,Nordén et al. (2018)
Eudynamys scolopaceus scolopaceus,Iridescent,940.39,212.64,4.59,Nordén et al. (2018)
Euphagus cyanocephalus,Iridescent,1336.87,257.67,5.3,Nordén et al. (2018)
Galbula albirostris chalcocephala,Iridescent,979.22,170.36,5.82,Nordén et al. (2018)
Galbula leucogastra chalcothorax,Iridescent,1011.54,194.23,5.28,Nordén et al. (2018)
Galbula leucogastra chalcothorax,Iridescent,897.41,164.68,5.57,Nordén et al. (2018)
Gallirex porphyreolophus,Iridescent,1246.89,158.65,8.18,Nordén et al. (2018)
Gallirex porphyreolophus,Iridescent,1047.97,144.37,7.42,Nordén et al. (2018)
Gallus gallus,Iridescent,1050.95,331.57,3.21,Nordén et al. (2018)
Gallus lafayettii,Iridescent,1206.88,303.72,4.06,Nordén et al. (2018)
Gracula religiosa,Iridescent,1491.05,286.3,5.27,Nordén et al. (2018)
Gymnorhina tibicen tibicen,Iridescent,1309.63,285.17,4.66,Nordén et al. (2018)
Hemiprocne comata nakamurai,Iridescent,1157.83,401.13,2.92,Nordén et al. (2018)
Hemiprocne longipennis coronata,Iridescent,1213.69,395.14,3.11,Nordén et al. (2018)
Hemiprocne mystacea mystacea,Iridescent,1061.33,339.87,3.15,Nordén et al. (2018)
Hirundapus giganteus indicus,Iridescent,1073.64,193.56,5.65,Nordén et al. (2018)
Hirundo aethiopica,Iridescent,843.97,154.83,5.52,Nordén et al. (2018)
Hirundo smithii bobrinskoii,Iridescent,1261.54,139.19,9.45,Nordén et al. (2018)
Hirundo tahitica subfusca,Iridescent,1198.53,241.62,5.16,Nordén et al. (2018)
Ibis leucocephalus,Iridescent,1267.81,353.33,3.62,Nordén et al. (2018)
Iridoprocne meyeni,Iridescent,1275.71,337.39,3.87,Nordén et al. (2018)
Jacamerops aureus penardi,Iridescent,1095.89,141.55,7.91,Nordén et al. (2018)
Lamprotornis regius magnificus,Iridescent,1300.29,759.28,1.74,Nordén et al. (2018)
Lamprotornis regius magnificus,Iridescent,1375.95,802.92,1.73,Nordén et al. (2018)
Lamprotornis regius magnificus,Iridescent,1495.5,823.7,1.84,Nordén et al. (2018)
Lamprotornis splendidus bailundensis,Iridescent,1693.14,750.61,2.34,Nordén et al. (2018)
Lamprotornis splendidus bailundensis,Iridescent,1048.0,427.25,2.54,Nordén et al. (2018)
Lophorina minor,Iridescent,897.61,167.75,5.45,Nordén et al. (2018)
Lophura ignita,Iridescent,889.7,248.03,3.64,Nordén et al. (2018)
Lophura swinhoii,Iridescent,793.84,207.46,3.99,Nordén et al. (2018)
Lophura swinhoii,Iridescent,780.82,203.28,3.9,Nordén et al. (2018)
Lybius dubius,Iridescent,1915.5,280.4,7.07,Nordén et al. (2018)
Lyrurus tetrix,Iridescent,1151.7,154.21,7.63,Nordén et al. (2018)
Lyrurus tetrix,Iridescent,1098.53,187.66,6.0,Nordén et al. (2018)
Melanitta fusca fusca,Iridescent,945.26,269.71,3.55,Nordén et al. (2018)
Musophaga violacea rossae,Iridescent,1040.82,154.66,6.83,Nordén et al. (2018)
Nectarinia amethystina kirkii,Iridescent,1551.56,381.98,4.15,Nordén et al. (2018)
Nectarinia amethystina kirkii,Iridescent,1514.0,467.7,3.3,Nordén et al. (2018)
Nectarinia bifasciatus microrhyncha,Iridescent,1564.35,384.97,4.12,Nordén et al. (2018)
Nectarinia violacea,Iridescent,1219.64,308.67,4.01,Nordén et al. (2018)
Nectarinia violacea,Iridescent,1278.24,302.03,4.32,Nordén et al. (2018)
Pavo cristatus,Iridescent,695.21,138.07,5.08,Nordén et al. (2018)
Pavo cristatus,Iridescent,689.79,135.81,5.19,Nordén et al. (2018)
Pavo muticus,Iridescent,780.31,151.51,5.21,Nordén et al. (2018)
Phaenicophaeus curvirostris singularis,Iridescent,1253.52,309.09,4.21,Nordén et al. (2018)
Phaenicophaeus diardi diardi,Iridescent,896.74,252.16,3.67,Nordén et al. (2018)
Pharomachrus mocinno antisianus,Iridescent,768.14,262.06,2.95,Nordén et al. (2018)
Pharomachrus pavoninus auriceps,Iridescent,807.46,282.67,2.88,Nordén et al. (2018)
Pharomachrus pavoninus auriceps,Iridescent,867.67,291.05,3.02,Nordén et al. (2018)
Phasianus colchicus,Iridescent,1510.94,206.59,7.44,Nordén et al. (2018)
Phasianus colchicus,Iridescent,1738.48,264.34,6.71,Nordén et al. (2018)
Phasianus versicolor,Iridescent,1047.56,173.15,6.14,Nordén et al. (2018)
Phasianus versicolor,Iridescent,1305.68,189.79,7.0,Nordén et al. (2018)
Phonygammus keraudrenii,Iridescent,1023.25,169.82,6.13,Nordén et al. (2018)
Pica pica,Iridescent,1225.87,303.24,4.09,Nordén et al. (2018)
Priotelus temnurus,Iridescent,1185.09,319.95,3.73,Nordén et al. (2018)
Psalidoprocne nitens centralis,Iridescent,1035.38,175.15,6.02,Nordén et al. (2018)
Psilopogon pyrolophus,Iridescent,1266.24,312.64,4.17,Nordén et al. (2018)
Psophia crepitans,Iridescent,1056.33,203.04,5.33,Nordén et al. (2018)
Psophia crepitans,Iridescent,645.03,221.16,2.95,Nordén et al. (2018)
Pyrrhocorax pyrrhocorax himalayanus,Iridescent,1938.49,263.36,7.56,Nordén et al. (2018)
Spreo superbus,Iridescent,1530.01,681.44,2.3,Nordén et al. (2018)
Spreo superbus,Iridescent,1340.08,714.26,1.91,Nordén et al. (2018)
Streptoprocne zonaris albicincta,Iridescent,1179.8,214.35,5.6,Nordén et al. (2018)
Sturnus vulgaris,Iridescent,1612.28,306.54,5.34,Nordén et al. (2018)
Sturnus vulgaris,Iridescent,1808.25,325.26,5.66,Nordén et al. (2018)
Surniculus lugubris velutinus,Iridescent,1216.17,238.0,5.16,Nordén et al. (2018)
Surniculus lugubris velutinus,Iridescent,1360.55,299.04,4.67,Nordén et al. (2018)
Tachycineta bicolor,Iridescent,1422.8,268.36,5.52,Nordén et al. (2018)
Tauraco livingstonii,Iridescent,1066.94,166.3,6.52,Nordén et al. (2018)
Thalurania furcata eriphile,Iridescent,1394.65,390.23,3.97,Nordén et al. (2018)
Trogon collaris puella,Iridescent,1201.68,258.68,4.72,Nordén et al. (2018)
Trogon melanurus melanurus,Iridescent,973.93,244.22,4.04,Nordén et al. (2018)
Trogon mexicanus,Iridescent,884.4,134.33,6.78,Nordén et al. (2018)
Trogon personatus,Iridescent,964.36,219.5,4.46,Nordén et al. (2018)
Trogon rufus chrysochloros,Iridescent,908.61,210.68,4.42,Nordén et al. (2018)
Trogon rufus cupreicauda,Iridescent,921.87,211.09,4.39,Nordén et al. (2018)
Trogon strigilatus strigilatus,Iridescent,1150.02,210.97,5.64,Nordén et al. (2018)
Trogon strigilatus strigilatus,Iridescent,953.28,205.14,4.72,Nordén et al. (2018)
Trogon surrucura aurantius spix,Iridescent,964.31,217.73,4.47,Nordén et al. (2018)
Trogon surrucura aurantius spix,Iridescent,956.91,195.71,4.93,Nordén et al. (2018)
Trogon surrucura surrucura,Iridescent,997.95,226.7,4.45,Nordén et al. (2018)
Trogon surrucura surrucura,Iridescent,1150.05,250.67,4.74,Nordén et al. (2018)
Vanellus vanellus,Iridescent,1117.0,171.88,6.63,Nordén et al. (2018)
Crypturellus cinereus,Brown,474.9234,216.4312,2.1949,Eliason et al. (2016)
Crypturellus variegatus,Brown,947.96275,224.59625,4.2207,Eliason et al. (2016)
Crypturellus variegatus,Brown,367.1685909,300.0865,1.2235,Eliason et al. (2016)
Crypturellus variegatus,Black,1157.1,389.7151667,2.9691,Eliason et al. (2016)
Crypturellus variegatus,Brown,451.0715,328.8265385,1.3717,Eliason et al. (2016)
Crypturellus variegatus,Brown,341.5008,305.0372,1.1195,Eliason et al. (2016)
Nothocercus bonapartei,Brown,434.04975,343.1337857,1.265,Eliason et al. (2016)
Nothocercus bonapartei,Black,1080.816,326.7419643,3.3079,Eliason et al. (2016)
Nothura maculosa,Yellow,552.9695833,428.58825,1.2902,Eliason et al. (2016)
Nothura maculosa,Yellow,383.9683125,334.99475,1.1462,Eliason et al. (2016)
Rhynchotus rufescens,Brown,401.0897802,274.6112527,1.4606,Eliason et al. (2016)
Taoniscus nanus,Black,1233.206571,234.2736429,5.2639,Eliason et al. (2016)
Tinamotis pentlandii,Grey,958.7928485,237.5781818,4.0357,Eliason et al. (2016)
Tinamotis pentlandii,Yellow,516.6389841,230.4497143,2.2419,Eliason et al. (2016)
Tinamus tao,Grey,1030.976714,288.2821429,3.5762,Eliason et al. (2016)
Tinamus tao,Black,909.8402727,311.4131818,2.9218,Eliason et al. (2016)
Apteryx australis,Brown,987.8908061,288.9431704,3.4189,Eliason et al. (2016)
Apteryx owenii,Brown,936.425898,291.9066939,3.2079,Eliason et al. (2016)
Apteryx owenii,Brown,928.6197143,260.7889048,3.5608,Eliason et al. (2016)
Casuarius bennetti,Black,598.3215686,249.3902745,2.3992,Eliason et al. (2016)
Casuarius bennetti,Brown,946.5802667,261.1055333,3.6256,Eliason et al. (2016)
Casuarius casuarius,Black,882.7890606,306.6788333,2.8785,Eliason et al. (2016)
Casuarius casuarius,Black,903.5786216,383.6930811,2.3549,Eliason et al. (2016)
Dromaius novaehollandiae,Brown,573.0863829,252.1900943,2.2725,Eliason et al. (2016)
Dromaius novaehollandiae,Black,1008.173778,378.9742222,2.6603,Eliason et al. (2016)
Dromaius novaehollandiae,Brown,720.306,280.1446,2.5712,Eliason et al. (2016)
Dromaius novaehollandiae,Black,868.6789,364.2899,2.3846,Li et al. (2012)
Moa species,Brown,766.0071667,234.5075476,3.2665,Eliason et al. (2016)
Rhea americana,Black,927.1066333,280.6949667,3.3029,Eliason et al. (2016)
Rhea pennata,Brown,770.2181,237.15715,3.2476,Eliason et al. (2016)
Rhea spp,Grey,1239.885364,376.1676364,3.2962,Eliason et al. (2016)
Struthio camelus,Black,808.1905882,296.8661176,2.7225,Eliason et al. (2016)
Struthio camelus,Brown,764.1019149,272.6660851,2.8023,Eliason et al. (2016)
